{
  "cv_r2": 0.9851859110193224,
  "cv_rmse": 9679.707771857004,
  "cv_mae": 7508.548010455793,
  "holdout_r2": 0.9890277530707516,
  "holdout_rmse": 7835.334366246089,
  "holdout_mae": 7370.750519531194,
  "insample_r2": 0.9895661624646818
}